id,question,answer,category
a3b1799d-0cce,Tempor do aliquip nisi irure sit aliqua ipsum do ad ipsum sed ullamco.,Aliqua ut tempor aute ex adipiscing aliqua tempor do ex amet dolore.,support
d8f56413-876f,Ipsum ut consectetur dolor sit incididunt ullamco irure et sed dolor laboris ea voluptate.,Eiusmod amet tempor ullamco et et do tempor in ullamco exercitation elit aliquip elit.,legal
0e51f30d-106f,Ut tempor do in aute ut laboris magna dolor ut tempor eiusmod quis tempor.,Aliqua nostrud et voluptate consectetur ad ex aute adipiscing adipiscing nisi nostrud.,legal
ff01cf99-80b9,Aute lorem ut nisi veniam tempor ullamco amet aliqua ut reprehenderit aute.,Reprehenderit ex ad amet exercitation duis ad sed dolore adipiscing.,general
eb2263dd-a5f7,Lorem dolor aute consequat ut dolor aute in sit enim dolor.,Minim consectetur laboris in elit minim exercitation reprehenderit dolor ex nisi ut magna laboris.,support
847fd9b4-3df4,Do labore nostrud do do sit ullamco do irure.,Labore minim tempor enim veniam aliquip aute quis eiusmod enim magna amet laboris et.,legal
baa4b71a-3263,Magna labore aute eiusmod sed ut aliqua tempor.,Aute sit commodo duis amet laboris veniam lorem amet.,billing
2a935d62-f8a5,Do magna dolor dolore voluptate tempor ea ut aliqua reprehenderit voluptate.,Laboris enim sed do dolor aliquip dolor ut dolor enim dolor minim.,account
2f923996-22cb,Aute magna in quis quis ipsum sit laboris quis ut tempor laboris ut.,Magna laboris incididunt ut ex sit ut voluptate voluptate sit.,billing
8181a8cc-43d1,Aute aute et adipiscing consequat ut exercitation voluptate laboris lorem.,Veniam in amet aute tempor irure aliquip adipiscing incididunt do labore nisi duis ad.,support
d89a40c0-2f41,Aliqua tempor lorem ea ullamco tempor aliquip veniam aliqua lorem sit aute irure.,Ipsum et veniam aliqua ipsum et in reprehenderit ipsum et nisi laboris.,support
ee0caeb5-5333,Commodo aute ipsum aliquip labore in commodo aute commodo tempor ea amet aute duis.,Sed dolor et consequat aute do laboris magna tempor.,account
4774bc58-cca2,Voluptate veniam in amet reprehenderit elit reprehenderit tempor amet aliqua aliquip ut exercitation.,Amet irure sed ipsum aliqua minim commodo nisi in aliquip sed aliqua.,support
9f871ce7-3fce,Irure ad laboris labore nisi veniam sed laboris dolore ex elit quis magna.,Lorem incididunt aliqua quis laboris ut ut do enim irure commodo elit sit minim.,general
55cee5db-7840,Ut commodo adipiscing ipsum voluptate exercitation ea ut irure quis ut dolore magna.,Laboris lorem ex ea amet aliqua elit reprehenderit minim.,account
8eb22579-3e22,Consectetur ut minim quis ut ex ut consequat irure aliqua irure.,Irure aliquip enim tempor eiusmod ullamco ex minim exercitation tempor sit.,support
3c07c574-abf4,Irure sit adipiscing dolore adipiscing do magna labore enim dolor.,Aliqua irure nostrud nisi duis ex dolore lorem et ex duis in aliqua ex.,general
e5d6f6e6-f9f9,Tempor enim dolore laboris commodo aliquip duis dolor voluptate.,Ipsum dolore quis ipsum ullamco consectetur ut dolor dolore do labore ex.,legal
6bebac31-29ef,Lorem veniam voluptate et ullamco ea laboris ex in sed lorem.,Eiusmod enim amet in ut tempor et exercitation reprehenderit.,account
4fa03f26-0d25,Quis dolor dolore in sed nostrud consequat eiusmod nisi incididunt.,Nostrud consectetur voluptate ea labore aliqua et ad labore duis consequat amet reprehenderit.,legal
b5122df8-def8,Aliquip reprehenderit tempor commodo veniam enim aliqua aliquip tempor.,Eiusmod in tempor ut ex quis laboris labore ad ut enim et tempor incididunt.,general
f2b43abf-2bd5,Ut ad ex nisi ullamco ad commodo amet do.,Eiusmod laboris et veniam labore voluptate veniam et ut ut do aliquip ut.,general
b0ae8f08-6211,Aliquip tempor nostrud ex nostrud voluptate consequat incididunt et.,Lorem minim tempor reprehenderit veniam nisi consectetur aute ad aute.,general
48ca7651-f51a,Labore reprehenderit eiusmod aute amet dolor ad quis nisi adipiscing commodo.,Sit eiusmod veniam magna nostrud exercitation ea dolore dolor incididunt.,general
fd72b050-9c5a,Exercitation exercitation aliquip in sed do laboris adipiscing elit sit lorem ut.,Enim ipsum incididunt incididunt duis sit eiusmod tempor commodo nostrud commodo sed.,account
8b6870b5-4c48,Consequat sit elit ut ex quis incididunt consectetur nisi ut.,Ad ad sit ipsum aliqua ut eiusmod sit reprehenderit consequat.,general
d248a9a7-1499,Ex enim laboris dolor elit nostrud ullamco ad sit labore labore laboris duis labore.,Ad laboris magna ex ipsum sit eiusmod amet ea aute consequat lorem aute.,legal
69ca97d2-600a,Et ex exercitation ex sed veniam dolor aliqua ut consectetur reprehenderit exercitation.,Ut ut lorem magna do duis amet in ullamco.,billing
b77350ca-8bfe,Consequat voluptate eiusmod veniam dolore dolor ad aute aute tempor ea.,Labore ea tempor lorem aliquip duis quis laboris aute ut enim.,support
8b1e3b9d-e922,Aute voluptate eiusmod dolore duis magna ut enim dolor dolore.,Commodo laboris adipiscing reprehenderit consectetur reprehenderit labore amet duis amet dolor lorem adipiscing.,billing
1327f1bc-87b1,Exercitation magna sit labore laboris minim reprehenderit exercitation irure enim.,Ipsum dolor ullamco dolor voluptate ex aliqua amet ullamco aute ut nisi.,account
0bc61066-1cbb,Et aliqua eiusmod magna nisi elit elit exercitation dolore nisi.,Dolor adipiscing ut eiusmod eiusmod lorem commodo irure nisi adipiscing aliqua.,support
f6478986-800c,Duis sed dolore enim eiusmod quis quis voluptate incididunt voluptate laboris.,Lorem aute ea reprehenderit dolor ex consequat irure ea do.,support
0a17991e-e1b3,Quis aliquip sit incididunt ex elit consectetur veniam.,Minim dolor consequat tempor consequat enim commodo ex labore amet.,account
f76c8ede-cb79,Commodo et ea lorem veniam ut laboris laboris nostrud consequat in amet eiusmod ipsum.,Labore exercitation ullamco ullamco ut ut ullamco consectetur ipsum ipsum voluptate amet.,billing
22bae10e-e843,Laboris aliquip in aliqua aliquip adipiscing magna amet ad magna.,Ipsum et ut in duis amet nisi veniam voluptate et.,legal
46a02a9b-3e8b,Consequat sit do ullamco reprehenderit dolor labore voluptate ea sed consequat veniam nostrud commodo.,Labore adipiscing irure lorem duis adipiscing consectetur eiusmod elit.,account
21bddb41-b76b,Ea nostrud lorem tempor consectetur aliqua amet dolor ut et nostrud ut do exercitation.,Ea aute minim ut reprehenderit dolor enim magna nisi ad dolor sit sit.,general
25f934bf-409c,Exercitation nostrud ut dolore nostrud incididunt ad aliqua commodo amet.,Ullamco ea ut do ut do labore ut magna amet aliqua laboris dolore.,billing
79699ed2-2eb5,Sit aliqua ex dolore consectetur dolor reprehenderit quis laboris magna aute in aliqua dolor.,Reprehenderit nostrud et quis do laboris do amet.,general
5e187b24-8ea0,Do aliqua quis ex exercitation nisi veniam exercitation laboris nisi ipsum tempor.,Ut labore lorem aute quis magna adipiscing ullamco ipsum ex do aliqua labore et.,support
0d77c5a0-5098,Exercitation laboris tempor laboris enim ut tempor ex amet aliqua incididunt nisi enim laboris.,Do voluptate dolor sed in ex ex incididunt.,account
01fa964e-dc7e,Consectetur minim do quis laboris et magna aliquip aliqua.,Dolor aute quis quis ut magna amet lorem ut commodo exercitation.,support
168fae12-3633,Aliqua magna sit aute ex do ea sit ullamco.,Ad irure et aliquip consequat consequat eiusmod adipiscing sed nostrud ex laboris.,billing
a0c14035-ed8b,Quis quis nisi aute ullamco voluptate ut reprehenderit ut aliqua enim ullamco commodo nostrud.,Ad ut ut dolor consequat sit aute duis exercitation ad.,legal
0a8076ec-6060,Exercitation ad reprehenderit ut commodo duis voluptate sit ullamco ipsum.,Aliqua aliqua minim adipiscing dolore incididunt magna labore nostrud ea ullamco dolor amet.,legal
48bddb3e-4cfd,Sit laboris dolor ut laboris laboris consectetur ut sit quis.,Commodo commodo laboris consequat aliquip nisi minim ullamco aliqua et et elit do.,legal
31274148-466e,Sit duis amet ea consequat aute ipsum labore ex.,Nostrud adipiscing elit nisi exercitation irure aliquip ipsum et.,billing
f836f571-91e2,Ex ut minim ut commodo enim consequat et in voluptate ut incididunt dolore minim.,Consequat commodo consectetur eiusmod ullamco aute veniam amet duis.,account
48f9e3d0-5214,Ut minim consequat sit dolor consequat irure in magna magna.,Eiusmod voluptate dolore ipsum in duis ullamco commodo consectetur incididunt.,legal
b49e04cc-e5af,Lorem sit tempor consequat veniam aliquip minim amet incididunt incididunt dolor aliqua.,Exercitation dolor consequat ad veniam ullamco quis ut incididunt lorem et quis sed laboris.,general
f982f4e0-22a6,Veniam ea ad lorem aute ipsum dolore dolore ex et dolor eiusmod.,Ullamco ea aliquip labore ipsum veniam commodo elit ea ut nisi ullamco commodo.,account
f1901b7e-12ef,Sed commodo irure ut ut magna consequat enim ipsum ullamco.,Et ea aute labore consectetur et irure aliquip irure dolore.,billing
7f5db163-888f,Sit aliqua aliqua voluptate elit incididunt amet labore incididunt ut ut elit ut ut.,Aute et voluptate tempor voluptate in sit ullamco et commodo nisi in adipiscing.,general
702c1821-40a1,Eiusmod ullamco et in ipsum adipiscing ut et.,Ex quis minim magna ullamco eiusmod amet aliquip ad dolore quis.,support
c6641285-e47d,Voluptate incididunt dolor ad consectetur duis ut irure ut.,Commodo reprehenderit voluptate laboris ut veniam incididunt incididunt.,billing
a3404f08-b915,Do voluptate commodo eiusmod ad et quis enim voluptate consectetur irure dolor.,Voluptate ut minim ea consequat sit reprehenderit ullamco ut nisi labore.,general
f75d1e3c-dd80,Dolor dolor consectetur adipiscing elit ut ut labore in irure duis eiusmod.,Reprehenderit tempor exercitation exercitation amet ullamco nostrud quis elit exercitation irure labore dolor.,account
07437c3b-1746,Ea tempor do quis exercitation ipsum irure veniam ullamco incididunt eiusmod commodo magna.,Sit dolor aliqua enim sed exercitation ut ut aliquip aute reprehenderit.,billing
c2baf0e0-365d,Eiusmod consectetur ut adipiscing dolor in aute magna reprehenderit irure.,Labore quis ut ex ad minim ad ut lorem in ad reprehenderit do et.,account
4806f804-f0f0,Veniam duis aliqua aute aliquip ex et magna quis sed.,Incididunt dolore ut veniam consequat exercitation exercitation consectetur amet dolore voluptate veniam.,support
c14565c7-65ea,Ad ad ipsum consectetur labore enim ut exercitation minim labore exercitation adipiscing.,Aliquip incididunt labore consequat minim ut incididunt consequat et laboris voluptate nostrud.,account
98cf1188-87f3,Ea ea quis aliquip nostrud elit ullamco exercitation duis adipiscing nisi ipsum in.,Sed aliqua aliqua magna sed ad exercitation enim.,account
b4adaf89-6a28,Ut laboris minim ut elit dolor labore et ea ut ullamco nisi.,Enim reprehenderit tempor incididunt in voluptate ea ut nisi ad enim quis.,support
49ac9087-c267,Consequat reprehenderit commodo incididunt incididunt ut labore ut tempor enim sed.,Tempor quis tempor amet aliquip eiusmod dolor irure do eiusmod amet labore.,legal
c550eca8-02a7,Voluptate adipiscing laboris aute enim ullamco ex incididunt incididunt dolor ea laboris.,Veniam aliquip in dolor elit aute elit dolor voluptate.,legal
c9b7c9bc-5f64,Reprehenderit dolor aute lorem quis amet voluptate incididunt voluptate veniam ad in duis.,Tempor commodo labore aliquip ullamco ut lorem labore incididunt laboris sed.,general
e5a4983b-dafb,Labore magna amet voluptate enim in lorem dolore ut tempor labore nostrud.,Lorem laboris nisi dolor consectetur ut magna ad irure ut ut consectetur.,support
3889936a-4463,Adipiscing ex exercitation magna veniam enim veniam laboris do eiusmod ex.,Ea minim minim et dolor amet consequat irure sed veniam elit duis aliqua nisi.,general
7d23d479-e416,Dolor consectetur magna quis quis laboris ut lorem eiusmod lorem do sit aliqua ut.,Voluptate in dolor in ipsum magna ea ex voluptate ullamco aliqua voluptate.,legal
60a399d4-2916,Reprehenderit aute consectetur duis consectetur voluptate dolore consectetur voluptate consequat ex voluptate ut.,Veniam minim consequat eiusmod labore tempor in aliquip amet commodo aliqua ex irure.,account
3d9c4e64-2273,Nostrud ut laboris aute eiusmod ipsum aliqua veniam.,Aute dolor ad incididunt consequat aliquip ut nostrud laboris ut incididunt adipiscing laboris do.,support
46707cd6-59ab,Nisi veniam dolor labore ullamco dolore minim nisi magna incididunt elit veniam eiusmod.,Incididunt ut commodo dolor quis reprehenderit veniam consectetur eiusmod.,billing
5efeef4f-6186,Tempor laboris nostrud aute sed ex aliquip quis.,Sed dolor ut dolor do sed aliquip ex ex dolor nisi.,billing
48769153-eeb8,Ullamco ut et aute enim commodo aliquip ex ut sed ut ipsum.,Do adipiscing tempor in quis magna adipiscing labore dolore consequat ad laboris nisi tempor.,legal
7d97ac0f-5622,Commodo elit ut enim dolor veniam ullamco dolor ipsum duis in laboris ex.,Consectetur ullamco dolor adipiscing do ut dolor ullamco in dolor laboris.,account
8d388327-0611,Minim tempor voluptate lorem commodo laboris commodo dolor.,Dolor minim eiusmod exercitation eiusmod et commodo sit.,legal
b27e1442-9996,Consequat sit voluptate ullamco ipsum magna dolore enim ullamco ut sit duis ullamco.,Quis duis amet minim ipsum do aute irure enim dolor.,account
a879d8f8-5bd4,Ut reprehenderit nostrud ex ut magna sit adipiscing eiusmod consequat dolore irure labore ex.,Ea nisi sit ex labore amet do sit exercitation.,general
c607b1e9-0f2b,Tempor voluptate ad et in aliqua nisi laboris sit exercitation commodo ut sit.,Dolore ea adipiscing dolore et sit in ut ex.,account
21ebfaa9-5ff1,Ut veniam magna ipsum et amet nostrud ut dolore incididunt dolore.,Aliquip quis voluptate eiusmod minim nisi elit tempor.,support
7e3d5ee4-2064,Aliqua aliqua enim sit eiusmod eiusmod exercitation nostrud sed.,Consectetur lorem magna duis dolore aute aliqua aliqua.,general
22d90db3-a42e,In sed ut reprehenderit reprehenderit incididunt nisi ad quis eiusmod dolore consequat.,Et in sed voluptate elit ea ipsum aliquip in do commodo.,account
7fd255ee-9b0c,Eiusmod adipiscing aliqua dolore ut nostrud nostrud minim dolor.,Nisi veniam commodo et irure veniam ullamco sit ea laboris et ullamco ipsum voluptate.,legal
cbd5cc86-363e,Amet do ex veniam nisi do dolore ut.,Nostrud ad labore ipsum amet magna reprehenderit amet in adipiscing ut ut sed.,legal
592a3549-31fb,Aliquip ut dolor ipsum ut lorem labore amet commodo dolor aliquip.,Elit adipiscing quis reprehenderit do magna elit ullamco aliqua ipsum exercitation sed.,general
6df72cd3-0247,Do tempor ut commodo quis commodo veniam et sed amet laboris ad reprehenderit.,Nostrud exercitation nostrud labore duis exercitation commodo ut incididunt exercitation.,account
ac0f6801-a059,Eiusmod consectetur dolore adipiscing dolore nostrud quis aliqua.,Ullamco nisi ullamco voluptate veniam ad adipiscing ut ut dolor et.,account
7c0f549d-63e7,Dolore quis laboris magna ad ut ut elit quis commodo do ipsum do incididunt.,Ut aliquip ex veniam amet amet ea consequat et consequat ipsum ut veniam voluptate.,account
3f5e3b8c-1080,Tempor aute sit aute consectetur commodo do aliquip nisi aute exercitation.,Elit consectetur sed sed dolor et incididunt veniam ut ut incididunt.,support
d0afb235-456b,Ea dolor voluptate aute consectetur aute eiusmod ut consequat ex nisi ad quis tempor.,Dolore sit commodo ea magna ex nisi aute ut enim nostrud.,account
88d00abd-6f87,Consequat ad ut incididunt veniam consectetur duis ea irure ex ipsum.,Ea ut consectetur duis aliqua lorem reprehenderit sed nisi consectetur ullamco adipiscing in.,support
5c457e4d-2a33,Laboris ullamco dolor exercitation aliquip ex aliqua sit amet do.,Consectetur do nisi lorem nisi consequat voluptate aliqua.,billing
7a4a902f-7538,Sit commodo amet et incididunt dolore commodo aute ullamco nisi dolor.,Lorem ullamco aliqua aliquip ullamco adipiscing magna nisi duis sit amet ex.,general
bae1e137-b3fc,Ut adipiscing tempor sit veniam nostrud exercitation ea nisi duis laboris.,Sed exercitation sed dolore ullamco ea commodo eiusmod dolore eiusmod.,general
51045a16-c60f,Duis aliqua veniam elit enim voluptate sit nostrud lorem do dolor in magna incididunt.,Ad magna ut sit veniam exercitation tempor ut ad sed commodo veniam dolore.,account
3d175712-7d2c,Dolor amet exercitation dolor laboris laboris elit lorem.,Ut elit in minim ea ut elit consectetur ea.,support
e65fad87-ab86,Aliqua minim tempor reprehenderit exercitation ad ad dolor duis elit adipiscing ea irure laboris.,Do ad ipsum aute eiusmod enim dolore adipiscing.,account
6b5bc975-a4c3,Magna ut tempor sit dolore ad irure elit commodo.,Reprehenderit dolor ut incididunt duis labore veniam lorem.,billing
c8d57717-7c33,Et reprehenderit voluptate ea aliquip veniam commodo adipiscing in ipsum veniam.,Duis aute in lorem laboris duis aliquip amet minim eiusmod ad dolor voluptate.,support
17d09810-7683,Minim ut dolore reprehenderit sit amet consectetur consequat sit quis aliqua reprehenderit eiusmod tempor.,Dolor dolore consequat labore ut eiusmod in consectetur ea amet.,account
2a147a96-ee9e,Magna veniam reprehenderit sed ut tempor consectetur adipiscing nisi consequat.,Nostrud do duis adipiscing ut reprehenderit magna dolor incididunt consequat elit in duis.,general
3ff6579e-ec90,Commodo adipiscing lorem consequat voluptate consectetur consequat dolore.,In sit nostrud dolor sit voluptate sed ullamco commodo sit duis commodo consectetur.,legal
0cf697a5-ddc6,Aliquip ad dolore aliqua et dolor tempor ut adipiscing exercitation exercitation ullamco ad aute.,Dolor incididunt consectetur sed irure minim ullamco commodo commodo voluptate ea.,support
c80c2195-b025,Ad dolore elit ut do irure ea dolor voluptate minim ex voluptate.,Amet laboris tempor consequat dolor dolor voluptate do duis.,legal
d86065a2-5a29,Nostrud commodo nisi dolor ipsum ut in quis quis.,Consequat commodo reprehenderit veniam elit ipsum dolor nostrud lorem.,legal
002ccb25-6726,Consectetur ut dolor duis ut lorem nostrud dolor ea duis aute reprehenderit dolore in.,Nostrud labore ut reprehenderit aliquip aliqua ullamco enim ut ut quis.,general
c9784b52-724c,Nostrud elit ut nisi consectetur aliquip in in dolore voluptate reprehenderit ipsum nostrud.,Reprehenderit do quis in adipiscing ex eiusmod voluptate elit irure sit ut ullamco irure.,legal
02ead2df-6b5b,Nisi et ea ut dolor aliqua aliqua elit magna.,Et dolore consequat ea quis ex do ut commodo ipsum lorem.,support
f3a02120-25fd,Elit dolore aliquip veniam irure amet nostrud exercitation enim ipsum.,Elit irure adipiscing amet sed sed nisi aliquip aliquip tempor incididunt eiusmod dolor.,general
7daec949-1be8,Lorem sit consequat exercitation enim amet sed ullamco voluptate enim.,Ut magna ad laboris sit veniam elit irure.,support
2fc3e649-16d8,Aliqua tempor consequat quis adipiscing nisi amet laboris commodo magna.,Nostrud veniam duis consequat aliqua veniam aute enim aute enim sit irure ut ad.,general
9eca381b-3d95,Ut in elit do sed ipsum sit nisi sed consequat adipiscing nostrud ut aliquip.,Dolor dolore magna labore tempor ut aute ea exercitation minim aliqua magna adipiscing nostrud.,account
ecc817a6-33b5,Incididunt veniam labore magna dolore enim exercitation ipsum tempor adipiscing exercitation nisi ipsum irure.,Nisi dolor enim tempor dolore labore commodo ut duis duis.,account
3a5b6ac5-99d8,Ut consequat tempor magna ullamco sed do consequat aliquip ex aute consequat minim.,Dolor ut magna ea minim quis elit aute sed.,account
3fde9814-e9b3,Dolor ut tempor consequat ad ullamco consectetur ipsum.,Ad ut reprehenderit enim veniam labore duis tempor consequat sit.,account
62f5f7c2-5368,Quis reprehenderit duis ullamco nisi tempor magna lorem ea ea lorem dolor ullamco nostrud.,Do exercitation in ut ut tempor irure duis.,legal
4082fcda-eef3,Nisi consequat magna amet ad laboris duis dolore ullamco exercitation.,Nisi enim labore tempor ut tempor laboris in laboris sed.,general
c3f62136-1d11,Duis commodo magna ut adipiscing ipsum ad incididunt irure magna aliquip nostrud voluptate consequat.,Aliquip do minim ea irure laboris ad duis duis aute.,billing
4b356e9a-f10a,Aliquip aliquip quis dolor in irure laboris do do.,Ut ea labore tempor incididunt duis enim aute nostrud in sit irure ad aute.,legal
87a37f10-d382,Aute adipiscing voluptate labore voluptate irure voluptate adipiscing.,Ut ea enim ullamco elit ullamco lorem tempor ex elit ex ad ex sit.,general
6dedcba5-dba9,Dolore ipsum sed dolore lorem ut consequat sed nisi exercitation eiusmod.,Aute ut amet ad ut dolor ipsum in ut minim minim aliqua nisi.,billing
e6c11650-b7ef,Sed in dolor magna do aliquip consectetur aliquip nostrud elit et ullamco ipsum aute.,Ea exercitation nostrud dolor amet consequat dolor amet ut consectetur.,support
27335670-04c3,Aliqua amet minim exercitation ut aliqua irure ad exercitation incididunt.,Amet sed sed tempor minim sed ut incididunt ipsum ad sed in labore lorem.,account
e8294a67-fcfb,In ea sit aliquip irure ullamco ut voluptate tempor.,Amet elit ipsum incididunt commodo ut aliquip amet.,account
a5aecf37-a846,Irure reprehenderit tempor aliquip dolore labore amet magna ut consequat.,Duis commodo ullamco commodo amet nisi dolor in adipiscing magna nostrud commodo nisi.,billing
9c7faca6-b79a,Ipsum nisi duis reprehenderit consectetur dolor amet magna ipsum tempor ut ut.,Minim aliquip aliquip do reprehenderit aute minim nisi exercitation aliqua aliquip enim laboris.,legal
9ce7eed1-05f6,In ad enim ad elit ex ut labore tempor ad veniam dolore consequat.,Ut commodo ut duis ut consectetur ad laboris.,account
6747d24a-1258,Veniam consequat commodo reprehenderit ullamco irure quis laboris ut labore consequat consequat.,Ut quis exercitation enim laboris ut amet ex do labore consequat reprehenderit incididunt minim.,account
2a061609-47e8,Ut aliquip amet exercitation sed dolor dolore ut ea ut amet magna dolor duis.,Consectetur irure ut nostrud ad reprehenderit lorem aliquip veniam aliqua nostrud dolor.,billing
d0b3d752-3505,Laboris exercitation ut aute aliqua exercitation nisi eiusmod magna labore incididunt.,Consectetur magna ut ex incididunt ut aute ut in ullamco sed exercitation incididunt labore.,billing
f554e1f8-a50f,Amet et enim quis laboris magna ex duis incididunt duis commodo minim ipsum.,Dolor dolor tempor ea voluptate nisi adipiscing dolor ea.,billing
08453b2f-e7ba,Exercitation nisi quis do ullamco dolore ad commodo.,Incididunt laboris dolor dolore reprehenderit reprehenderit ut veniam lorem eiusmod exercitation ea aute.,billing
a5cb3c6e-6497,Aliquip sed ut voluptate sit reprehenderit aliquip consectetur ipsum incididunt tempor adipiscing duis lorem.,Ut adipiscing adipiscing ut dolor in exercitation laboris ad quis et.,support
86804a8a-5e24,Dolor ad magna veniam sit do do labore et do ex minim.,Consequat voluptate lorem laboris ut irure exercitation exercitation reprehenderit nisi ut dolor.,account
62c8c3f4-90ce,Dolor consequat dolore commodo ut ipsum irure sed.,Sit amet reprehenderit ea minim exercitation do ullamco do nisi consequat sed.,legal
f0938776-4eb8,Ut labore sit dolor commodo veniam quis do.,Magna ut magna ut dolore consectetur lorem ut dolor ex.,account
129538df-3657,Ea incididunt sit ex aliqua dolore laboris enim minim consectetur.,Commodo duis incididunt ullamco incididunt irure reprehenderit aute ullamco reprehenderit lorem.,general
243113fd-1563,Quis dolore veniam sit do aliquip aliquip do.,Duis adipiscing elit exercitation eiusmod amet laboris quis dolor ex voluptate veniam ullamco.,account
113eaf84-3247,Aliquip enim labore consectetur laboris amet exercitation irure ut.,Labore laboris nisi adipiscing quis commodo reprehenderit elit ut ea ut.,legal
5c074653-a9c2,Ut et ut veniam elit exercitation duis duis adipiscing veniam tempor.,Sit sit lorem ad ipsum nostrud magna nostrud irure veniam veniam voluptate enim.,billing
5da64a3a-7255,Nostrud duis consectetur ad sit et lorem eiusmod reprehenderit voluptate nisi ex adipiscing adipiscing.,In laboris reprehenderit aliquip enim et do enim dolor et ipsum sed.,support
635a11f2-e8c7,Ipsum ullamco amet reprehenderit ullamco tempor aliquip quis.,Elit laboris et laboris consequat minim dolore dolor minim et aute enim.,legal
e1ccff0d-e13a,Do minim incididunt adipiscing adipiscing nostrud consequat laboris magna.,Ut enim enim do adipiscing consequat lorem ipsum quis adipiscing.,general
92803da2-1ca0,Tempor elit reprehenderit nostrud quis lorem ut laboris incididunt.,Do exercitation enim enim do magna adipiscing nostrud.,billing
82c41c54-55df,Nisi dolor nostrud dolor dolore consectetur lorem minim dolor nisi consequat exercitation elit.,Nostrud aute minim ex amet laboris irure veniam lorem in nisi aliqua.,legal
87a20e22-757f,Enim ea et commodo dolor consequat quis aliqua eiusmod ex dolor sit nostrud veniam.,Sed ut ea quis consectetur lorem laboris nisi ut et.,billing
95dad216-85c9,Veniam quis exercitation voluptate magna sed veniam veniam elit quis enim voluptate quis ea.,Aliquip duis laboris ex ut ut adipiscing do magna labore veniam.,account
2926205d-02b5,Sit adipiscing dolor aliqua dolor do sit ipsum dolore voluptate exercitation minim ut nostrud.,Consequat ullamco aliqua sed laboris commodo incididunt ipsum nostrud minim do elit ipsum eiusmod.,account
f9c3ee05-2c76,Ea et dolore nostrud minim aliquip dolor sit incididunt consequat.,Labore reprehenderit tempor exercitation sed dolor quis tempor magna amet sit incididunt.,account
f4eae769-8012,Ut dolore enim eiusmod labore ea nisi irure aute enim tempor dolore ea.,Nisi do ut reprehenderit minim lorem consequat eiusmod sit.,support
ee6ffbea-f3ff,Et irure tempor in nisi dolor ad sed aliquip aute.,Do consequat consequat et ea consectetur sit reprehenderit ad.,account
7b777e71-a17e,Irure aute quis tempor elit ex ad magna ex consectetur minim.,Enim veniam ad dolore nisi elit reprehenderit ut ut nisi lorem.,billing
19ca9c1b-b923,Aute sed tempor tempor reprehenderit labore elit aliqua aliqua ex et magna.,Elit consectetur quis do amet tempor eiusmod aliqua dolore adipiscing reprehenderit.,billing
027e789c-d7d1,Consectetur irure ullamco minim ut enim eiusmod duis dolor amet elit.,Commodo enim ullamco ut labore et quis in tempor.,account
696929b2-b3c2,Nisi exercitation quis ullamco veniam voluptate incididunt ut ad ea ut sit exercitation ut.,Aute ullamco dolor aliqua exercitation magna dolor sit labore.,support
a5076897-8ae1,Ea in ex minim ut elit duis consectetur eiusmod eiusmod aliquip.,Sit elit amet dolor aute veniam ipsum magna ex sit tempor adipiscing laboris.,legal
4f32ea54-7eaa,Incididunt exercitation consectetur duis ipsum laboris duis ut enim reprehenderit veniam tempor ut.,Veniam nostrud ut ex aute aliqua ullamco minim dolor enim do sit ut.,legal
4282b6e4-9b6d,Lorem consequat duis labore enim lorem dolor in.,Incididunt ex commodo nostrud commodo veniam sed aute aliqua eiusmod ut.,legal
d413c850-70f1,Sit exercitation minim commodo exercitation nisi tempor ullamco minim tempor.,Duis elit incididunt ullamco exercitation tempor exercitation sed lorem.,account
05aa5eab-345d,Tempor ut aliquip eiusmod adipiscing ad labore ut commodo voluptate.,Nisi ipsum sit ex adipiscing tempor dolore veniam elit irure eiusmod.,legal
d4085391-3e71,Ut dolore reprehenderit eiusmod voluptate sed aliquip amet laboris sed dolore reprehenderit in adipiscing.,Ipsum in minim eiusmod ullamco sed irure aute do amet ullamco ut elit.,support
95aeb18b-caa7,Eiusmod reprehenderit quis nisi nisi adipiscing ea eiusmod ad nisi labore reprehenderit ex dolor.,Ullamco ut commodo consectetur eiusmod voluptate ea ex commodo aliqua.,billing
60b57717-44fb,Irure enim aliqua incididunt nisi sed sed labore aliquip tempor.,Nostrud aute adipiscing minim ut consequat veniam ut ea ad aliquip aute exercitation et.,general
3d211daf-206e,Reprehenderit consequat sed nisi ex adipiscing incididunt magna ut amet laboris ipsum in.,Aute sed enim amet quis consequat laboris minim ut.,support
0c90e028-7102,Ut lorem dolor laboris dolor consequat enim ullamco et aliquip irure consequat.,Ut consequat tempor ipsum sit ut in reprehenderit amet aliquip minim sed minim eiusmod.,billing
8ee25e54-3605,Ullamco et ut laboris aute elit elit magna labore adipiscing voluptate ut et ut.,Duis magna ullamco consequat ut eiusmod veniam dolore veniam ex.,support
f62ecf88-e51e,Lorem ipsum incididunt lorem consectetur irure lorem voluptate do ut ea.,Consequat dolor ad quis quis amet ut adipiscing tempor irure eiusmod tempor incididunt.,general
eafa4d5b-2786,Ut enim enim irure ut consequat amet ullamco ipsum commodo dolore ea dolor.,Labore consequat magna aute aute do laboris nostrud lorem ea.,legal
0ddb545b-1515,Veniam adipiscing ad do dolor aliquip dolore ut nostrud ad.,Aliqua ea adipiscing labore enim ex veniam tempor magna.,legal
2286e3f8-656e,Dolore quis quis voluptate minim eiusmod tempor aliqua nisi quis amet.,Aliqua labore ut nostrud ipsum ut voluptate exercitation voluptate ut adipiscing.,account
3bc5f97f-bf65,Ex duis amet dolor in dolor aute consequat lorem.,Commodo ut enim labore aliquip do veniam ex veniam exercitation voluptate nisi laboris.,legal
0b21a308-5734,Incididunt ea exercitation dolor laboris lorem dolore tempor.,Dolor et amet incididunt aute dolore voluptate ad ut irure enim nostrud sit sed.,legal
b6646199-145a,Dolor ut ad ex lorem nisi et ut voluptate.,Tempor dolor tempor dolore voluptate voluptate in in do labore dolore consectetur.,legal
afbffde4-d5ac,Quis aliqua ut exercitation ut consectetur laboris quis nisi.,Aute ut ut minim consectetur voluptate reprehenderit adipiscing in.,billing
51476e86-3c9d,Ut aute aliquip ex aute magna magna ut in.,In tempor ea amet elit ex exercitation tempor quis do do nisi et.,legal
a64a1fe8-5e32,Dolore enim elit do magna reprehenderit dolor in do laboris sed sed elit reprehenderit.,Aute ad ut ut eiusmod magna ipsum aliquip dolore ut exercitation.,general
c9739495-37f8,Ut aute aute eiusmod veniam voluptate ipsum dolore ex reprehenderit sed.,Magna ut consequat ut aliqua exercitation dolor minim adipiscing consequat ut.,general
1cf8d03f-4546,Magna ut elit nostrud ut sed ut eiusmod nisi dolor commodo.,Aliquip sit ut ullamco sit ut aliquip reprehenderit exercitation adipiscing veniam ipsum elit.,support
266c47fb-4a09,Ea dolor ut aliquip reprehenderit incididunt elit irure reprehenderit.,Exercitation eiusmod ut duis veniam lorem aute eiusmod.,general
a8d3110e-e850,Ut nostrud lorem aute tempor ullamco consequat sed elit dolor et.,Duis laboris duis incididunt dolor dolor magna elit laboris.,general
8fead84e-e922,Quis in amet incididunt et dolore dolor aliqua veniam incididunt consectetur nisi tempor.,Magna do sed dolor quis voluptate minim sit aliquip exercitation ea ut.,legal
510564f9-b52c,Exercitation ad aliquip ad commodo aute eiusmod incididunt sed.,Ipsum exercitation consectetur duis commodo voluptate magna labore.,general
365bc763-6702,Incididunt ea ut ad ut lorem nisi labore aliquip exercitation ipsum elit labore.,Dolor enim enim ipsum consectetur adipiscing ut aute irure ut.,legal
85650e0b-a189,Veniam sed nisi commodo irure et reprehenderit incididunt ipsum voluptate exercitation duis.,Exercitation sed consectetur ea ut duis ut tempor sit aute et consequat.,support
4d64bb63-3976,Ea ea dolor ut ipsum enim ad sed dolor aliquip.,Ut labore ea amet voluptate minim voluptate sed ipsum dolore aute amet.,support
eeada90c-2c95,Enim ipsum minim laboris ut quis ut irure ut sed.,Minim ea laboris tempor adipiscing amet reprehenderit quis amet veniam.,general
51883a26-487a,Commodo quis elit ut irure veniam dolor ipsum irure dolor dolore sit dolore.,Nostrud nostrud consequat ut exercitation ut consequat ut laboris minim reprehenderit ex enim.,billing
b2d7692a-31cc,Ut ullamco ex enim in adipiscing irure tempor et elit dolor.,Ea aute ut ipsum enim et ut elit ea nostrud.,billing
8208fd42-cfb6,Ut amet veniam sit incididunt ut nostrud eiusmod eiusmod adipiscing enim dolor sed nisi.,Ea aliqua ea veniam eiusmod laboris sit in quis enim nostrud.,legal
71f9b0e2-9db6,Dolor amet consequat ea dolore ad laboris sit consequat irure irure.,Commodo ex laboris ut incididunt exercitation ut sed aute incididunt commodo nisi dolor.,legal
ea452afd-2db7,Lorem voluptate magna consectetur incididunt et veniam dolor ut consequat et aute.,Ipsum aliqua nostrud exercitation ut magna aliqua do elit consectetur veniam duis et magna.,support
ab89736b-44c0,Sit lorem aliquip enim aliqua voluptate sit ullamco.,Duis irure nisi in exercitation ut aliqua consequat dolore do aliqua.,account
93f3c702-7937,Ad magna veniam et voluptate quis ut amet enim nisi adipiscing aliquip voluptate.,Ea ut sit irure sit enim aliquip reprehenderit sit ullamco commodo ut dolor labore.,account
7807c947-f03f,Aliquip aliqua reprehenderit commodo incididunt ipsum dolor ex aliquip quis dolor enim.,Quis laboris incididunt aliquip ipsum enim consectetur sit ea.,support
47edc6dd-838f,Aliquip nostrud dolor aliquip laboris et elit ea.,Enim commodo aute labore sit adipiscing in adipiscing ad.,legal
c536d2ce-79d4,Aliqua ullamco do aliquip labore ullamco ex amet elit magna incididunt ex ex.,Eiusmod nisi dolore tempor minim aliqua incididunt commodo dolore ut minim reprehenderit.,account
a32e3ab5-dd13,Dolor duis labore tempor amet laboris dolore ea ex aliquip nostrud sed.,Nisi voluptate ut lorem lorem dolor magna minim nisi et.,support
407c4370-116d,Exercitation dolor nostrud irure do nostrud consectetur reprehenderit.,Duis consectetur laboris irure quis reprehenderit irure nisi.,support
4b68d94d-26c4,Ut voluptate ea nisi laboris ea tempor ea tempor dolor dolore voluptate tempor.,Tempor aliqua ad dolor exercitation elit ad adipiscing ea do ullamco dolor ut amet.,account
